<?xml version="1.0"?>
<Documento xmlns:xsi="http://www.w3.org/2001/XMLSchema-instance" xmlns:xsd="http://www.w3.org/2001/XMLSchema">
  <Documentos />
  <VersaoLiteral>
    <NumeroVersaoLiteral>1</NumeroVersaoLiteral>
    <IndicadorVersaoLiteralAtivo>false</IndicadorVersaoLiteralAtivo>
  </VersaoLiteral>
  <VersaoExecutavelSistema>
    <NumeroVersaoExecutavelSistema>6</NumeroVersaoExecutavelSistema>
    <NumeroVersaoBancoDadosSistema>1</NumeroVersaoBancoDadosSistema>
    <DataInicioValidadeVersao>0001-01-01T00:00:00</DataInicioValidadeVersao>
    <DataFimValidadeVersao>0001-01-01T00:00:00</DataFimValidadeVersao>
  </VersaoExecutavelSistema>
  <CompanhiaAberta>
    <NumeroSequencialRegistroCvm>1417</NumeroSequencialRegistroCvm>
    <CodigoTipoParticipante>1</CodigoTipoParticipante>
    <CodigoCvm>01931-3</CodigoCvm>
    <IndicadorSociedadeAnonimaAtiva>false</IndicadorSociedadeAnonimaAtiva>
    <DescricaoClasse />
    <SiglaClasse />
    <NomeRazaoSocialCompanhiaAberta>AES ELPA    </NomeRazaoSocialCompanhiaAberta>
    <NumeroCnpjCompanhiaAberta />
    <CodigoCategoriaEmissor>0</CodigoCategoriaEmissor>
    <CodigoSituacaoRegistroCvm>0</CodigoSituacaoRegistroCvm>
    <CodigoSituacaoCompanhiaAberta>0</CodigoSituacaoCompanhiaAberta>
    <NumeroMesEncerramentoExercicioSocial>0</NumeroMesEncerramentoExercicioSocial>
    <NumeroAnoEncerramentoExercicioSocial>0</NumeroAnoEncerramentoExercicioSocial>
    <TipoEmpresa>0</TipoEmpresa>
    <DataRegistroCvm>0001-01-01T00:00:00</DataRegistroCvm>
    <DataInicioRazaoSocial>0001-01-01T00:00:00</DataInicioRazaoSocial>
    <DataConstituicaoEmpresa>0001-01-01T00:00:00</DataConstituicaoEmpresa>
    <DataInicioSituacaoCompanhiaAberta>0001-01-01T00:00:00</DataInicioSituacaoCompanhiaAberta>
    <DataInicioSituacaoRegistroCvm>0001-01-01T00:00:00</DataInicioSituacaoRegistroCvm>
    <CodigoSetorAtividadeEmpresa>0</CodigoSetorAtividadeEmpresa>
    <CodigoEspecieControleAcionario>0</CodigoEspecieControleAcionario>
    <DataUltimaAlteracaoControleAcionario>0001-01-01T00:00:00</DataUltimaAlteracaoControleAcionario>
    <DataRegistroAtualCategoriaEmissorCvm>0001-01-01T00:00:00</DataRegistroAtualCategoriaEmissorCvm>
  </CompanhiaAberta>
  <NumeroSequencialDocumento>19620</NumeroSequencialDocumento>
  <CodigoTipoDocumento>1</CodigoTipoDocumento>
  <DescricaoTipoDocumento>Formulário Cadastral</DescricaoTipoDocumento>
  <DataReferenciaDocumento>2012-01-01T00:00:00</DataReferenciaDocumento>
  <NumeroVersaoDocumento>5</NumeroVersaoDocumento>
  <IndicadorPendenciaDocumento>true</IndicadorPendenciaDocumento>
  <IndicadorArquivoValido>false</IndicadorArquivoValido>
  <CodigoMoeda>1</CodigoMoeda>
  <CodigoEscalaMoeda>1</CodigoEscalaMoeda>
  <CodigoEscalaQuantidade>1</CodigoEscalaQuantidade>
  <DataGeracaoArquivo>0001-01-01T00:00:00</DataGeracaoArquivo>
  <TextoCaminhoGeracaoArquivo />
  <CodigoTipoApresentacao>2</CodigoTipoApresentacao>
  <NumeroExigenciaReapresentacaoCvm />
  <CodigoTipoEntregaDocumento>0</CodigoTipoEntregaDocumento>
  <ProtocoloEntrega>019313FCA000020120500019620-78</ProtocoloEntrega>
  <DataEntrega>2012-07-10T09:45:59</DataEntrega>
  <NomeLoginResponsavelEntrega>19313</NomeLoginResponsavelEntrega>
  <DocumentoRelacionado xsi:nil="true" />
  <NumeroVersaoGrupoQuadroCampo>1</NumeroVersaoGrupoQuadroCampo>
  <MotivosReapresentacaoDocumento />
  <ControlesDominio />
  <DetalhesDominio />
  <SituacaoArquivo>
    <CodigoSituacaoArquivo>1</CodigoSituacaoArquivo>
    <IndicadorExibicaoArquivoSite>true</IndicadorExibicaoArquivoSite>
    <Instituicao>
      <RegistroCvm>
        <NumeroSequencialRegistroCvm>0</NumeroSequencialRegistroCvm>
        <CodigoTipoParticipante>0</CodigoTipoParticipante>
        <CodigoCvm />
        <IndicadorSociedadeAnonimaAtiva>false</IndicadorSociedadeAnonimaAtiva>
      </RegistroCvm>
      <CodigoInstituicao>0</CodigoInstituicao>
      <IndicadorGerenciamentoAtivo>false</IndicadorGerenciamentoAtivo>
    </Instituicao>
    <TextoLogRecebimentoAutomatico />
  </SituacaoArquivo>
  <HistoricosAcao />
  <TipoAnalise>false</TipoAnalise>
</Documento>