<?xml version="1.0"?>
<Documento xmlns:xsi="http://www.w3.org/2001/XMLSchema-instance" xmlns:xsd="http://www.w3.org/2001/XMLSchema">
  <Documentos />
  <VersaoLiteral>
    <NumeroVersaoLiteral>1</NumeroVersaoLiteral>
    <IndicadorVersaoLiteralAtivo>false</IndicadorVersaoLiteralAtivo>
  </VersaoLiteral>
  <VersaoExecutavelSistema>
    <NumeroVersaoExecutavelSistema>8</NumeroVersaoExecutavelSistema>
    <NumeroVersaoBancoDadosSistema>1</NumeroVersaoBancoDadosSistema>
    <DataInicioValidadeVersao>0001-01-01T00:00:00</DataInicioValidadeVersao>
    <DataFimValidadeVersao>0001-01-01T00:00:00</DataFimValidadeVersao>
  </VersaoExecutavelSistema>
  <CompanhiaAberta>
    <NumeroSequencialRegistroCvm>2094</NumeroSequencialRegistroCvm>
    <CodigoTipoParticipante>1</CodigoTipoParticipante>
    <CodigoCvm>02255-1</CodigoCvm>
    <IndicadorSociedadeAnonimaAtiva>false</IndicadorSociedadeAnonimaAtiva>
    <DescricaoClasse />
    <SiglaClasse />
    <NomeRazaoSocialCompanhiaAberta>ABRIL EDUCA </NomeRazaoSocialCompanhiaAberta>
    <NumeroCnpjCompanhiaAberta />
    <CodigoCategoriaEmissor>0</CodigoCategoriaEmissor>
    <CodigoSituacaoRegistroCvm>0</CodigoSituacaoRegistroCvm>
    <CodigoSituacaoCompanhiaAberta>0</CodigoSituacaoCompanhiaAberta>
    <NumeroMesEncerramentoExercicioSocial>0</NumeroMesEncerramentoExercicioSocial>
    <NumeroAnoEncerramentoExercicioSocial>0</NumeroAnoEncerramentoExercicioSocial>
    <TipoEmpresa>0</TipoEmpresa>
    <DataRegistroCvm>0001-01-01T00:00:00</DataRegistroCvm>
    <DataInicioRazaoSocial>0001-01-01T00:00:00</DataInicioRazaoSocial>
    <DataConstituicaoEmpresa>0001-01-01T00:00:00</DataConstituicaoEmpresa>
    <DataInicioSituacaoCompanhiaAberta>0001-01-01T00:00:00</DataInicioSituacaoCompanhiaAberta>
    <DataInicioSituacaoRegistroCvm>0001-01-01T00:00:00</DataInicioSituacaoRegistroCvm>
    <CodigoSetorAtividadeEmpresa>0</CodigoSetorAtividadeEmpresa>
    <CodigoEspecieControleAcionario>0</CodigoEspecieControleAcionario>
    <DataUltimaAlteracaoControleAcionario>0001-01-01T00:00:00</DataUltimaAlteracaoControleAcionario>
    <DataRegistroAtualCategoriaEmissorCvm>0001-01-01T00:00:00</DataRegistroAtualCategoriaEmissorCvm>
  </CompanhiaAberta>
  <NumeroSequencialDocumento>30447</NumeroSequencialDocumento>
  <CodigoTipoDocumento>3</CodigoTipoDocumento>
  <DescricaoTipoDocumento>Informações Trimestrais</DescricaoTipoDocumento>
  <DataReferenciaDocumento>2013-06-30T00:00:00</DataReferenciaDocumento>
  <NumeroVersaoDocumento>1</NumeroVersaoDocumento>
  <IndicadorPendenciaDocumento>true</IndicadorPendenciaDocumento>
  <IndicadorArquivoValido>false</IndicadorArquivoValido>
  <CodigoMoeda>1</CodigoMoeda>
  <CodigoEscalaMoeda>2</CodigoEscalaMoeda>
  <CodigoEscalaQuantidade>1</CodigoEscalaQuantidade>
  <DataGeracaoArquivo>0001-01-01T00:00:00</DataGeracaoArquivo>
  <TextoCaminhoGeracaoArquivo />
  <CodigoTipoApresentacao>1</CodigoTipoApresentacao>
  <NumeroExigenciaReapresentacaoCvm />
  <CodigoTipoEntregaDocumento>0</CodigoTipoEntregaDocumento>
  <ProtocoloEntrega>022551ITR300620130100030447-75</ProtocoloEntrega>
  <DataEntrega>2013-08-12T20:11:29</DataEntrega>
  <NomeLoginResponsavelEntrega>22551</NomeLoginResponsavelEntrega>
  <DocumentoRelacionado>30258</DocumentoRelacionado>
  <NumeroVersaoGrupoQuadroCampo>1</NumeroVersaoGrupoQuadroCampo>
  <MotivosReapresentacaoDocumento />
  <ControlesDominio />
  <DetalhesDominio />
  <SituacaoArquivo>
    <CodigoSituacaoArquivo>1</CodigoSituacaoArquivo>
    <IndicadorExibicaoArquivoSite>true</IndicadorExibicaoArquivoSite>
    <Instituicao>
      <RegistroCvm>
        <NumeroSequencialRegistroCvm>0</NumeroSequencialRegistroCvm>
        <CodigoTipoParticipante>0</CodigoTipoParticipante>
        <CodigoCvm />
        <IndicadorSociedadeAnonimaAtiva>false</IndicadorSociedadeAnonimaAtiva>
      </RegistroCvm>
      <CodigoInstituicao>0</CodigoInstituicao>
      <IndicadorGerenciamentoAtivo>false</IndicadorGerenciamentoAtivo>
    </Instituicao>
    <TextoLogRecebimentoAutomatico />
  </SituacaoArquivo>
  <HistoricosAcao />
  <TipoAnalise>false</TipoAnalise>
</Documento>